City_ID,City,Country,Lat,Lng,Max Temp,Humidity,Cloudiness,Wind Speed,Current Description
0,Albany,US,42.6001,-73.9662,64.31,87,100,1.99,overcast clouds
1,Butaritari,KI,3.0707,172.7902,81.86,77,17,12.66,light rain
2,Wau,SS,7.7029,27.9953,72.72,88,80,3.31,broken clouds
3,Ponta Do Sol,PT,32.6667,-17.1,72.23,73,97,3.56,overcast clouds
4,Jamestown,US,42.097,-79.2353,68.72,82,90,6.91,overcast clouds
5,Lavrentiya,RU,65.5833,-171.0,34.52,82,100,18.92,overcast clouds
6,Bengkulu,ID,-3.8004,102.2655,84.56,67,13,9.6,few clouds
7,New Norfolk,AU,-42.7826,147.0587,60.71,68,96,1.01,overcast clouds
8,Dikson,RU,73.5069,80.5464,28.33,74,100,23.04,light snow
9,Naze,JP,28.3667,129.4833,83.32,83,37,19.75,scattered clouds
10,Big Spring,US,32.2504,-101.4787,81.88,32,1,8.01,clear sky
11,Prince Rupert,CA,54.3161,-130.3201,49.69,90,90,12.66,moderate rain
12,Russell,US,32.3502,-85.1999,73.0,90,1,0.0,fog
13,Hilo,US,19.7297,-155.09,78.53,80,90,11.5,light rain
14,Te Anau,NZ,-45.4167,167.7167,57.76,54,46,2.19,light rain
15,Victoria,HK,22.2855,114.1577,84.38,87,100,1.99,overcast clouds
16,Thompson,CA,55.7435,-97.8558,32.16,86,1,0.0,clear sky
17,Busselton,AU,-33.65,115.3333,60.04,50,69,6.73,broken clouds
18,Avarua,CK,-21.2078,-159.775,77.05,69,40,4.61,scattered clouds
19,Waipawa,NZ,-41.4122,175.5153,59.63,70,95,9.86,overcast clouds
20,Bambous Virieux,MU,-20.3428,57.7575,70.05,88,40,9.22,light rain
21,Marystown,CA,47.1666,-55.1483,46.85,100,76,10.0,broken clouds
22,Khatanga,RU,71.9667,102.5,19.81,96,99,2.98,overcast clouds
23,Ushuaia,AR,-54.8,-68.3,37.06,93,40,17.27,scattered clouds
24,Bluff,NZ,-46.6,168.3333,55.8,62,51,8.32,broken clouds
25,Saint-Philippe,RE,-21.3585,55.7679,69.39,81,92,14.76,light rain
26,Klaksvik,FO,62.2266,-6.589,50.92,97,100,12.01,overcast clouds
27,Rikitea,PF,-23.1203,-134.9692,74.57,78,100,10.31,light rain
28,Puerto Escondido,MX,15.85,-97.0667,80.4,76,100,3.91,overcast clouds
29,Evensk,RU,61.95,159.2333,30.61,44,19,0.25,few clouds
30,Smithers,CA,54.7804,-127.1743,44.92,81,75,3.44,light rain
31,Verkhnyaya Inta,RU,65.9811,60.3094,33.01,79,83,20.29,light snow
32,Mataura,NZ,-46.1927,168.8643,55.47,35,39,6.29,scattered clouds
33,Arraial Do Cabo,BR,-22.9661,-42.0278,68.45,67,100,8.41,overcast clouds
34,Hobart,AU,-42.8794,147.3294,61.05,72,75,1.01,broken clouds
35,Mezen,RU,65.8522,44.24,35.31,92,100,4.85,overcast clouds
36,Punta Arenas,CL,-53.15,-70.9167,39.22,70,0,12.66,clear sky
37,Komsomolskiy,UZ,40.4272,71.7189,51.15,76,52,0.0,broken clouds
38,Qaanaaq,GL,77.484,-69.3632,18.43,72,72,9.4,broken clouds
39,Porbandar,IN,21.6422,69.6093,80.58,94,20,4.61,haze
40,Arlit,NE,18.7369,7.3853,80.13,14,0,8.72,clear sky
41,Barrow,US,71.2906,-156.7887,30.22,80,90,17.27,light snow
42,Luderitz,NA,-26.6481,15.1594,55.81,58,25,12.41,scattered clouds
43,Iqaluit,CA,63.7506,-68.5145,35.33,87,90,15.99,overcast clouds
44,Tiksi,RU,71.6872,128.8694,26.1,67,100,14.23,overcast clouds
45,San Cristobal,VE,7.7669,-72.225,69.98,93,96,2.33,overcast clouds
46,Nanortalik,GL,60.1432,-45.2371,37.13,63,0,7.16,clear sky
47,Sao Filipe,CV,14.8961,-24.4956,79.47,80,54,4.38,broken clouds
48,Meulaboh,ID,4.1363,96.1285,83.86,68,100,1.88,overcast clouds
49,Nikolskoye,RU,59.7035,30.7861,51.87,71,100,7.07,light rain
50,Sambava,MG,-14.2667,50.1667,71.37,79,53,13.78,broken clouds
51,Sitka,US,57.0531,-135.33,46.29,76,90,18.41,moderate rain
52,Talnakh,RU,69.4865,88.3972,27.0,91,100,3.87,overcast clouds
53,Ust-Kut,RU,56.7938,105.7672,36.36,94,100,7.85,overcast clouds
54,Shelburne,CA,44.0787,-80.2041,61.25,97,78,7.85,broken clouds
55,Cabo San Lucas,MX,22.8909,-109.9124,87.1,69,4,6.22,clear sky
56,Mildura,AU,-34.2,142.15,85.06,11,12,11.5,few clouds
57,Cedar City,US,37.6775,-113.0619,50.97,80,1,16.11,clear sky
58,Cherskiy,RU,68.75,161.3,11.7,92,69,2.86,broken clouds
59,Arica,CL,-18.475,-70.3042,61.03,82,90,5.75,overcast clouds
60,Geraldton,AU,-28.7667,114.6,68.41,37,1,17.27,clear sky
61,Hermanus,ZA,-34.4187,19.2345,58.8,86,7,13.62,light rain
62,Matagami,CA,49.7502,-77.6328,53.71,94,1,3.44,clear sky
63,Luwuk,ID,-0.9516,122.7875,87.73,60,11,6.02,few clouds
64,Basco,PH,20.4487,121.9702,83.62,80,53,18.01,broken clouds
65,Marsa Matruh,EG,31.3525,27.2453,68.85,72,0,4.88,clear sky
66,Mandalgovi,MN,45.7625,106.2708,30.34,83,100,26.31,overcast clouds
67,Mar Del Plata,AR,-38.0023,-57.5575,53.13,76,0,7.0,clear sky
68,Ballina,AU,-28.8667,153.5667,82.58,69,0,17.27,clear sky
69,Torbay,CA,47.6666,-52.7314,46.58,90,90,35.68,light rain
70,Doka,SD,13.5167,35.7667,74.12,84,29,4.59,scattered clouds
71,Okhotsk,RU,59.3833,143.3,33.48,65,5,13.4,clear sky
72,Grand Gaube,MU,-20.0064,57.6608,70.2,76,4,5.01,clear sky
73,Chokurdakh,RU,70.6333,147.9167,20.07,96,100,5.06,overcast clouds
74,Salihorsk,BY,52.7876,27.5415,35.1,90,0,6.51,clear sky
75,Tasiilaq,GL,65.6145,-37.6368,35.76,82,100,3.67,overcast clouds
76,Atuona,PF,-9.8,-139.0333,77.68,76,10,13.29,clear sky
77,East London,ZA,-33.0153,27.9116,62.89,72,78,12.53,broken clouds
78,Norman Wells,CA,65.282,-126.8329,33.84,93,75,6.91,broken clouds
79,Vaini,TO,-21.2,-175.2,82.56,83,20,5.75,few clouds
80,Yellowknife,CA,62.456,-114.3525,39.42,95,75,4.61,broken clouds
81,Rzhev,RU,56.2624,34.3282,34.0,80,14,4.61,few clouds
82,Novopavlovka,RU,51.2172,109.2091,38.21,60,100,9.71,overcast clouds
83,Carnarvon,AU,-24.8667,113.6333,69.87,46,0,23.02,clear sky
84,Porto Novo,BJ,6.4965,2.6036,80.42,91,100,4.12,light rain
85,Fernandez,AR,-27.9204,-63.8935,67.23,45,60,5.01,broken clouds
86,Cockburn Town,TC,21.4612,-71.1419,82.6,77,4,12.53,clear sky
87,Cape Town,ZA,-33.9258,18.4232,57.61,88,40,6.91,scattered clouds
88,Chumikan,RU,54.7183,135.315,48.81,47,32,17.96,scattered clouds
89,Taoudenni,ML,22.6783,-3.9836,85.68,11,57,3.04,broken clouds
90,Ribeira Grande,PT,38.5167,-28.7,69.55,63,67,6.53,broken clouds
91,Aracati,BR,-4.5617,-37.7697,79.7,75,95,13.85,overcast clouds
92,Kapaa,US,22.0752,-159.319,82.38,69,40,5.01,scattered clouds
93,Tazovskiy,RU,67.4667,78.7,34.09,88,100,14.45,overcast clouds
94,Kavaratti,IN,10.5669,72.642,82.35,78,100,9.35,light rain
95,Bredasdorp,ZA,-34.5322,20.0403,58.32,77,29,11.5,scattered clouds
96,Baculin,PH,7.4525,126.5842,84.61,68,100,4.9,moderate rain
97,Hovd,MN,48.0056,91.6419,35.83,32,3,0.96,clear sky
98,Jonava,LT,55.0833,24.2833,32.11,86,0,2.3,clear sky
99,Monterey,US,36.2505,-121.2516,54.72,77,0,8.61,clear sky
100,Saskylakh,RU,71.9167,114.0833,11.41,98,90,1.72,overcast clouds
101,Traverse City,US,44.7631,-85.6206,65.84,96,40,0.0,mist
102,Novobiryusinskiy,RU,56.9578,97.7076,37.02,97,100,13.11,light rain
103,Boa Vista,BR,2.8197,-60.6733,78.78,83,75,3.44,broken clouds
104,Constitucion,CL,-35.3333,-72.4167,50.4,80,13,7.2,few clouds
105,Padang,ID,-0.9492,100.3543,84.25,71,82,4.16,broken clouds
106,Kadoshkino,RU,54.0257,44.4191,34.97,79,1,4.54,clear sky
107,Tezu,IN,27.9167,96.1667,85.51,55,8,2.64,clear sky
108,San Rafael,AR,-34.6177,-68.3301,54.32,73,100,1.57,overcast clouds
109,Folkestone,GB,51.0833,1.1833,55.71,96,7,1.99,clear sky
110,Assiniboia,CA,49.6334,-105.9845,55.31,62,100,5.75,overcast clouds
111,Kamaishi,JP,39.2667,141.8833,70.75,74,96,7.72,overcast clouds
112,Alice Springs,AU,-23.7,133.8833,98.15,9,3,24.16,clear sky
113,Narsaq,GL,60.9167,-46.05,35.82,47,0,7.45,clear sky
114,Pevek,RU,69.7008,170.3133,25.77,76,100,0.6,overcast clouds
115,Souillac,MU,-20.5167,57.5167,70.18,88,40,9.22,light rain
116,Providencia,MX,28.7167,-111.5833,90.48,59,3,11.14,clear sky
117,Newport,GB,51.5877,-2.9984,59.77,91,100,3.36,overcast clouds
118,Jumla,NP,29.2747,82.1838,64.53,60,41,1.79,scattered clouds
119,Mackenzie,CA,55.2999,-123.1698,43.02,81,90,5.75,overcast clouds
120,Mareeba,AU,-17.0,145.4333,86.32,53,6,11.52,clear sky
121,Agirish,RU,61.9247,63.0231,34.45,73,38,12.84,scattered clouds
122,Buala,SB,-8.145,159.5921,84.83,71,87,5.17,light rain
123,Lebu,CL,-37.6167,-73.65,48.96,94,9,9.84,clear sky
124,Castro,BR,-24.7911,-50.0119,56.05,95,100,9.35,overcast clouds
125,Plouzane,FR,48.3833,-4.6167,53.65,97,0,3.44,clear sky
126,Noyabrsk,RU,63.1994,75.4507,34.34,77,91,24.45,overcast clouds
127,Malanville,BJ,11.8685,3.3899,79.68,62,86,4.52,overcast clouds
128,Nyurba,RU,63.2842,118.3319,37.49,80,100,12.48,overcast clouds
129,Jizan,SA,17.3333,42.6667,79.74,69,100,2.33,overcast clouds
130,Ostrovnoy,RU,68.0531,39.5131,35.64,85,100,4.81,overcast clouds
131,Manono,CD,-7.3,27.4167,74.48,65,100,0.78,overcast clouds
132,Goderich,CA,43.7501,-81.7165,65.91,88,62,11.5,broken clouds
133,Malabo,GQ,3.75,8.7833,78.69,87,100,4.83,moderate rain
134,Tongchuan,CN,35.0806,109.0897,54.12,93,100,5.03,overcast clouds
135,Lompoc,US,34.6391,-120.4579,58.01,75,75,12.66,broken clouds
136,Jining,CN,35.405,116.5814,67.87,82,92,3.02,overcast clouds
137,Berezovyy,RU,51.6667,135.7,49.73,52,100,3.6,overcast clouds
138,Salalah,OM,17.0151,54.0924,78.89,78,20,3.44,few clouds
139,Novyy Urgal,RU,51.0736,132.5642,48.25,59,100,3.6,overcast clouds
140,Fortuna,US,40.5982,-124.1573,56.66,76,99,3.29,overcast clouds
141,San Ramon,US,37.7799,-121.978,57.69,76,75,3.0,broken clouds
142,Ilulissat,GL,69.2167,-51.1,24.82,39,38,13.8,scattered clouds
143,Gat,IL,31.61,34.7642,72.39,70,0,3.83,clear sky
144,Fort-Shevchenko,KZ,44.5086,50.263,48.09,40,0,7.87,clear sky
145,Bushehr,IR,28.9684,50.8385,86.02,47,0,9.22,clear sky
146,Port Elizabeth,ZA,-33.918,25.5701,64.09,82,0,17.27,clear sky
147,Klyuchi,RU,52.2667,79.1667,42.82,70,0,13.02,clear sky
148,Nouadhibou,MR,20.931,-17.0347,73.38,73,100,19.57,overcast clouds
149,Aklavik,CA,68.2191,-135.0107,32.83,84,18,3.91,few clouds
150,Kaspiyskiy,RU,45.3929,47.3707,47.62,57,4,11.83,clear sky
151,Bobo Dioulasso,BF,11.1771,-4.2979,74.25,80,99,4.29,overcast clouds
152,Mahebourg,MU,-20.4081,57.7,70.09,88,40,9.22,light rain
153,Sabha,LY,27.0377,14.4283,73.04,19,0,12.93,clear sky
154,Port Alfred,ZA,-33.5906,26.891,61.84,77,67,14.97,broken clouds
155,Tiznit,MA,29.5833,-9.5,61.45,65,100,1.12,overcast clouds
156,Upernavik,GL,72.7868,-56.1549,25.74,60,61,9.71,broken clouds
157,Kaoma,ZM,-14.7833,24.8,65.34,43,5,4.56,clear sky
158,Haines Junction,CA,60.7522,-137.5108,40.95,65,72,11.5,light rain
159,Fort Morgan,US,40.2503,-103.8,67.42,26,1,11.5,clear sky
160,San Patricio,US,28.017,-97.5169,79.83,66,11,7.27,few clouds
161,Dubti,ET,11.7361,41.0853,80.2,63,100,7.4,moderate rain
162,Bathsheba,BB,13.2167,-59.5167,81.21,83,40,17.27,scattered clouds
163,Anadyr,RU,64.75,177.4833,32.5,93,75,11.01,fog
164,Gushikawa,JP,26.3544,127.8686,85.23,77,20,17.27,few clouds
165,Pimentel,PE,-6.8367,-79.9342,63.7,89,65,12.53,broken clouds
166,Wadi Maliz,TN,36.4681,8.5495,62.26,71,82,4.76,broken clouds
167,Asyut,EG,27.181,31.1837,69.6,66,0,9.82,clear sky
168,Agaro,ET,7.85,36.65,60.13,99,100,1.03,overcast clouds
169,Fort Dodge,US,42.4975,-94.168,69.42,72,1,4.61,clear sky
170,Razole,IN,16.4833,81.8333,84.49,82,100,3.58,overcast clouds
171,Bastia,FR,42.6667,9.3333,65.3,67,75,1.99,broken clouds
172,Hervey Bay,AU,-25.2986,152.8535,82.04,68,0,10.74,clear sky
173,Misratah,LY,32.3754,15.0925,73.4,64,16,5.93,few clouds
174,Vao,NC,-22.6667,167.4833,70.36,63,95,14.92,overcast clouds
175,Touros,BR,-5.1989,-35.4608,79.7,80,99,11.83,overcast clouds
176,Mandurah,AU,-32.55,115.7,66.16,49,34,10.36,scattered clouds
177,Bonthe,SL,7.5264,-12.505,76.8,90,100,3.53,moderate rain
178,Dukat,RU,62.55,155.55,20.75,78,54,3.65,broken clouds
179,Centralia,US,46.7162,-122.9543,52.18,73,1,0.0,clear sky
180,Carballo,ES,43.213,-8.691,61.86,88,75,2.19,broken clouds
181,Balkhash,KZ,46.844,74.9804,34.41,64,0,13.42,clear sky
182,Mabaruma,GY,8.2,-59.7833,74.64,98,99,2.73,overcast clouds
183,Mount Gambier,AU,-37.8333,140.7667,64.31,63,75,18.41,broken clouds
184,Rapid Valley,US,44.0625,-103.1463,65.44,69,90,6.91,overcast clouds
185,Chapais,CA,49.7834,-74.8492,51.58,91,77,6.15,broken clouds
186,Kununurra,AU,-15.7667,128.7333,100.38,25,3,11.5,clear sky
187,Beian,NO,63.6559,9.5683,54.55,94,40,11.5,scattered clouds
188,Shitanjing,CN,39.2342,106.3439,40.78,28,37,30.04,scattered clouds
189,Airai,TL,-8.9266,125.4092,82.31,27,10,6.33,clear sky
190,Nizhniy Baskunchak,RU,48.2198,46.8311,39.92,47,0,7.31,clear sky
191,Rassvet,RU,46.8333,40.75,37.81,73,59,15.66,broken clouds
192,Yar-Sale,RU,66.8333,70.8333,33.53,90,100,19.13,overcast clouds
193,Merauke,ID,-8.4667,140.3333,85.91,70,97,11.72,overcast clouds
194,Puerto Ayora,EC,-0.7393,-90.3518,68.56,95,100,5.99,overcast clouds
195,Mecca,SA,21.4267,39.8261,81.09,77,72,3.49,broken clouds
196,Ouadda,CF,8.0777,22.4007,69.84,74,98,3.44,overcast clouds
197,Vangaindrano,MG,-23.35,47.6,66.79,80,100,4.94,overcast clouds
198,Sao Joao Da Barra,BR,-21.6403,-41.0511,67.77,75,100,5.79,overcast clouds
199,Hithadhoo,MV,-0.6,73.0833,82.65,71,99,7.65,overcast clouds
200,Kodiak,US,57.79,-152.4072,51.31,50,1,11.5,clear sky
201,Pangnirtung,CA,66.1451,-65.7125,35.78,77,100,3.22,overcast clouds
202,Aksu,CN,41.1231,80.2644,46.54,49,9,6.55,clear sky
203,Bure,ET,10.7,37.0667,53.76,94,45,3.27,light rain
204,Sao Gabriel Da Cachoeira,BR,-0.1303,-67.0892,73.53,97,100,0.63,light rain
205,Haimen,CN,23.1935,116.6142,76.89,87,100,17.78,light rain
206,Zhongshu,CN,24.5167,103.7667,69.35,66,52,3.67,broken clouds
207,Georgetown,MY,5.4112,100.3354,85.95,81,20,1.01,few clouds
208,Pacific Grove,US,36.6177,-121.9166,59.11,79,20,1.99,few clouds
209,Opuwo,NA,-18.0607,13.84,65.66,29,3,0.34,clear sky
210,Kibaya,TZ,-5.3,36.5667,59.83,83,75,5.46,broken clouds
211,Lingyuan,CN,41.24,119.4011,55.51,81,100,7.14,overcast clouds
212,Sandwick,GB,60.0,-1.25,53.42,100,20,10.36,few clouds
213,Longyearbyen,SJ,78.2186,15.6401,17.44,79,0,11.5,clear sky
214,Glace Bay,CA,46.1969,-59.957,50.65,77,75,5.99,broken clouds
215,Victoria Point,AU,-27.5833,153.3,85.15,66,1,1.99,clear sky
216,Veranopolis,BR,-28.9361,-51.5494,57.52,99,100,2.08,overcast clouds
217,Le Vauclin,MQ,14.5452,-60.8388,82.45,74,90,12.66,overcast clouds
218,Madimba,TZ,-10.4,40.3333,71.17,85,4,5.57,clear sky
219,Yanji,CN,42.9075,129.5078,60.75,69,100,6.62,overcast clouds
220,Dingle,PH,10.9995,122.6711,78.58,86,100,2.82,heavy intensity rain
221,Atikokan,CA,48.7555,-91.6216,57.88,97,100,3.24,overcast clouds
222,Tuktoyaktuk,CA,69.4541,-133.0374,30.2,93,90,4.61,overcast clouds
223,Sangin,AF,32.0728,64.8359,66.31,22,0,6.33,clear sky
224,Kidal,ML,18.4411,1.4078,80.94,11,5,12.28,clear sky
225,Rudnaya Pristan,RU,44.3614,135.8116,62.64,41,23,7.34,few clouds
226,Coquimbo,CL,-29.9533,-71.3436,55.13,82,0,1.14,clear sky
227,Hohhot,CN,40.8106,111.6522,53.89,54,20,11.18,few clouds
228,Saint George,US,37.1041,-113.5841,61.39,87,1,1.01,clear sky
229,Hambantota,LK,6.1241,81.1185,82.74,89,20,12.66,few clouds
230,Hirara,JP,24.8,125.2833,87.66,70,20,16.11,few clouds
231,Yangjiang,CN,21.85,111.9667,77.94,96,100,26.64,moderate rain
232,Asau,RO,46.4333,26.4,43.95,62,100,5.79,light rain
233,Lucenec,SK,48.3325,19.6671,40.24,58,0,4.38,clear sky
234,Makaha,US,21.4694,-158.2175,85.91,50,1,19.57,clear sky
235,Sioux Lookout,CA,50.1001,-91.917,64.78,82,90,5.75,overcast clouds
236,Samandag,TR,36.0842,35.9771,52.32,31,0,6.91,clear sky
237,Khilok,RU,51.3674,110.4676,35.85,69,100,10.78,overcast clouds
238,Rawson,AR,-43.3002,-65.1023,61.03,37,54,10.36,broken clouds
239,Leh,IN,34.1667,77.5833,45.1,36,0,5.03,clear sky
240,Guanambi,BR,-14.2233,-42.7814,77.47,55,44,18.59,scattered clouds
241,Kasongo-Lunda,CD,-6.4667,16.8167,70.74,90,83,1.41,broken clouds
242,Morristown,US,36.214,-83.2949,67.3,74,1,0.0,clear sky
243,Palmer,US,42.1584,-72.3287,59.61,75,100,1.99,overcast clouds
244,Necochea,AR,-38.5473,-58.7368,44.04,82,6,9.98,clear sky
245,North Bend,US,43.4065,-124.2243,53.92,90,90,3.44,overcast clouds
246,Kavieng,PG,-2.5744,150.7967,82.26,76,88,11.07,light rain
247,Virginia Beach,US,36.8529,-75.978,72.01,77,90,1.01,overcast clouds
248,Stabat,ID,3.761,98.4513,86.2,64,100,2.42,overcast clouds
249,Chake Chake,TZ,-5.2459,39.7666,74.39,87,31,6.71,scattered clouds
250,Hasaki,JP,35.7333,140.8333,77.4,82,96,15.37,overcast clouds
251,Biak,ID,-0.9131,122.8766,84.49,64,12,6.31,few clouds
252,Launceston,AU,-41.45,147.1667,64.04,62,55,11.01,broken clouds
253,Saint-Francois,FR,46.4154,3.9054,44.67,100,90,1.14,overcast clouds
254,Amahai,ID,-3.3333,128.9167,81.77,80,80,5.55,broken clouds
255,Effium,NG,6.6292,8.0593,74.07,97,100,5.59,overcast clouds
256,Faanui,PF,-16.4833,-151.75,78.71,69,25,4.41,scattered clouds
257,Quatre Cocos,MU,-20.2078,57.7625,69.91,78,35,13.98,scattered clouds
258,Olga,RU,43.7444,135.2892,62.89,47,41,7.87,scattered clouds
259,Bairiki,KI,1.3292,172.9752,86.0,66,40,14.97,scattered clouds
260,Talakan,RU,50.3167,130.3667,54.84,55,100,6.96,light rain
261,Iquique,CL,-20.2208,-70.1431,60.84,83,63,2.35,broken clouds
262,Broken Hill,AU,-31.95,141.4333,83.91,13,0,8.05,clear sky
263,Ndende,GA,-2.4008,11.3581,74.1,95,98,2.28,light rain
264,Nampula,MZ,-15.1165,39.2666,60.6,97,7,1.03,clear sky
265,Sapulpa,US,35.9987,-96.1142,84.76,51,1,9.22,clear sky
266,Serrana,BR,-21.2114,-47.5956,73.35,72,77,4.23,broken clouds
267,Sijunjung,ID,-0.6876,100.9537,87.17,60,82,1.41,broken clouds
268,Bubaque,GW,11.2833,-15.8333,83.05,78,100,8.43,overcast clouds
269,Taicheng,CN,38.731,113.228,50.36,91,100,1.81,overcast clouds
270,Mancio Lima,BR,-7.6142,-72.8958,78.55,70,94,0.58,overcast clouds
271,Bonavista,CA,48.6499,-53.1147,47.12,79,96,43.31,light rain
272,Vitoria Da Conquista,BR,-14.8661,-40.8394,65.77,89,97,9.15,overcast clouds
273,Camacha,PT,33.0833,-16.3333,68.76,68,75,9.22,broken clouds
274,Chuy,UY,-33.6971,-53.4616,52.52,80,55,7.56,broken clouds
275,Sopelana,ES,43.3789,-2.9831,51.08,83,0,1.99,clear sky
276,Puri,IN,19.8,85.85,85.37,66,6,4.21,clear sky
277,Tabas,IR,33.5959,56.9244,62.65,28,0,9.22,clear sky
278,Palau,PW,7.503,134.621,83.16,77,100,20.96,heavy intensity rain
279,Uyuni,BO,-20.4597,-66.825,50.02,29,14,6.38,few clouds
280,Mantua,IT,45.1667,10.7833,60.28,74,99,1.99,overcast clouds
281,La Ronge,CA,55.1001,-105.2842,50.25,53,1,6.91,clear sky
282,Oranjemund,NA,-28.55,16.4333,55.27,86,29,7.25,scattered clouds
283,Port-Cartier,CA,50.0334,-66.8654,28.62,65,7,2.51,clear sky
284,Micheweni,TZ,-4.9667,39.8333,76.1,85,32,8.19,scattered clouds
285,Totskoye,RU,52.5248,52.7623,37.56,81,0,4.52,clear sky
286,Kaitangata,NZ,-46.2817,169.8464,53.46,85,85,7.02,overcast clouds
287,Bahia Blanca,AR,-38.7196,-62.2724,54.5,55,0,10.09,clear sky
288,Pemba,MZ,-12.974,40.5178,75.9,83,75,5.75,broken clouds
289,Tumsar,IN,21.3833,79.7333,81.0,72,9,4.5,clear sky
290,Abu Kamal,SY,34.4506,40.9171,69.08,22,0,3.67,clear sky
291,Gawler,AU,-34.6,138.7333,70.61,53,67,13.13,broken clouds
292,Blyth,GB,55.1271,-1.5086,57.31,95,0,0.0,clear sky
293,Nioro,GM,13.35,-15.75,79.23,81,100,6.06,overcast clouds
294,Andenes,NO,69.3143,16.1194,44.47,93,90,13.8,drizzle
295,Kashi,CN,39.4547,75.9797,51.01,32,40,11.18,dust
296,Novyy Urengoy,RU,66.0833,76.6333,33.08,93,100,19.42,overcast clouds
297,Morgan Hill,US,37.1305,-121.6544,58.71,51,20,11.5,few clouds
298,Batemans Bay,AU,-35.7167,150.1833,78.19,34,83,4.47,broken clouds
299,Katsuura,JP,35.1333,140.3,80.62,80,72,13.06,broken clouds
300,Fukue,JP,32.6881,128.8419,80.96,78,20,4.61,few clouds
301,Fare,PF,-16.7,-151.0167,78.46,69,2,3.04,clear sky
302,Namibe,AO,-15.1961,12.1522,63.39,78,46,7.18,scattered clouds
303,Tuatapere,NZ,-46.1333,167.6833,55.81,57,49,6.87,scattered clouds
304,Awjilah,LY,29.1081,21.2869,72.68,29,0,10.76,clear sky
305,Acarau,BR,-2.8856,-40.12,79.11,81,61,14.76,broken clouds
306,Umri,IN,26.5106,78.9367,83.55,45,0,4.03,clear sky
307,Sorong,ID,-0.8833,131.25,83.66,79,84,9.64,broken clouds
308,Jahazpur,IN,25.6167,75.2833,81.86,52,0,7.83,clear sky
309,Hami,CN,42.8,93.45,40.8,42,0,6.91,clear sky
310,Yerbogachen,RU,61.2767,108.0108,34.93,93,100,14.85,overcast clouds
311,Paamiut,GL,61.994,-49.6678,34.79,58,0,5.26,clear sky
312,Hobyo,SO,5.3505,48.5268,77.94,85,11,18.92,few clouds
313,Kutum,SD,14.2,24.6667,72.46,22,99,6.8,overcast clouds
314,Whyalla,AU,-33.0333,137.5833,66.09,68,28,20.71,scattered clouds
315,Esperance,AU,-33.8667,121.9,58.84,58,97,12.82,overcast clouds
316,Oistins,BB,13.0667,-59.5333,80.69,83,40,17.27,scattered clouds
317,Samana,DO,19.2056,-69.3369,78.06,89,7,6.33,clear sky
318,Ulagan,RU,50.6321,87.9563,30.4,67,39,1.95,scattered clouds
319,Yuanping,CN,38.7153,112.7575,54.23,83,100,2.3,overcast clouds
320,Miyako,JP,39.6367,141.9525,64.2,73,100,4.59,overcast clouds
321,Lagoa,PT,39.05,-27.9833,68.31,67,4,8.59,clear sky
322,Kapit,MY,2.0167,112.9333,92.46,52,20,1.86,few clouds
323,Nemuro,JP,43.3236,145.575,68.43,67,0,6.35,clear sky
324,Clyde River,CA,70.4692,-68.5914,31.84,86,100,8.25,light snow
325,Adrar,MR,20.5022,-10.0711,85.01,10,91,6.53,overcast clouds
326,Madang,PG,-5.2246,145.7966,86.36,65,94,8.55,overcast clouds
327,Mahibadhoo,MV,3.7833,72.9667,83.77,72,10,11.21,clear sky
328,Llaillay,CL,-32.85,-70.9667,54.72,83,0,0.4,clear sky
329,Bethel,US,41.3712,-73.414,65.64,89,40,4.61,scattered clouds
330,Naruto,JP,34.1833,134.6167,84.58,73,20,5.75,few clouds
331,Guerrero Negro,MX,27.9769,-114.0611,71.98,79,4,17.56,clear sky
332,Cidreira,BR,-30.1811,-50.2056,63.43,80,98,16.33,overcast clouds
333,Port Blair,IN,11.6667,92.75,79.39,88,100,18.97,overcast clouds
334,Kerema,PG,-7.9631,145.7785,83.86,76,26,9.57,scattered clouds
335,Varberg,SE,57.1056,12.2508,51.06,93,97,7.14,overcast clouds
336,Esmeraldas,BR,-19.7625,-44.3139,70.11,94,64,7.27,broken clouds
337,Cap Malheureux,MU,-19.9842,57.6142,70.29,76,4,5.01,clear sky
338,Mbekenyera,TZ,-10.0,38.9833,64.09,92,2,2.82,clear sky
339,Beringovskiy,RU,63.05,179.3167,32.58,96,100,17.45,light snow
340,Kloulklubed,PW,7.0419,134.2556,83.62,75,97,21.54,moderate rain
341,Damme,DE,52.5167,8.2,49.66,91,0,1.01,clear sky
342,Lubao,PH,14.9167,120.55,88.14,65,93,2.21,overcast clouds
343,Wegorzewo,PL,54.2157,21.7372,36.9,70,0,4.76,clear sky
344,Severo-Kurilsk,RU,50.6789,156.125,47.05,71,23,18.54,few clouds
345,Monrovia,LR,6.3005,-10.7969,77.31,86,100,4.72,light rain
346,Fairbanks,US,64.8378,-147.7164,42.76,80,20,4.61,few clouds
347,Hofn,IS,64.2539,-15.2082,48.69,91,97,3.76,overcast clouds
348,Dese,ET,11.1333,39.6333,50.86,94,100,3.96,heavy intensity rain
349,Talaya,RU,61.3833,152.75,22.1,69,21,1.41,few clouds
350,Saint Anthony,US,45.0205,-93.218,67.14,88,1,4.61,clear sky
351,Indramayu,ID,-6.3264,108.32,87.96,54,18,8.5,few clouds
352,Atar,MR,20.5169,-13.0499,87.37,10,98,9.69,overcast clouds
353,Abilene,US,32.4487,-99.7331,82.62,41,1,1.01,clear sky
354,San Jose,US,37.3394,-121.895,59.31,63,75,1.01,broken clouds
355,Ilhabela,BR,-23.7781,-45.3581,66.09,87,100,9.48,overcast clouds
356,San Angelo,US,31.4638,-100.437,78.33,49,1,1.99,clear sky
357,Broome,US,42.2506,-75.833,65.01,81,40,1.99,scattered clouds
358,Naranjal,EC,-2.6667,-79.6167,73.2,85,89,1.88,overcast clouds
359,Perry,US,37.2506,-83.1999,68.72,94,4,2.35,clear sky
360,Nalut,LY,30.3333,10.85,65.95,76,3,14.03,clear sky
361,Ancud,CL,-41.8697,-73.8203,46.42,92,1,4.88,clear sky
362,Guadalupe Y Calvo,MX,26.1,-106.9667,55.42,70,0,4.34,clear sky
363,Neijiang,CN,29.5835,105.0622,66.45,89,100,6.08,overcast clouds
364,Araouane,ML,18.9048,-3.5265,85.17,13,71,5.1,broken clouds
365,Xai-Xai,MZ,-25.0519,33.6442,66.06,70,0,8.19,clear sky
366,Am Timan,TD,11.0297,20.2827,75.49,70,100,4.54,overcast clouds
367,Sinnamary,GF,5.3833,-52.95,80.37,81,95,10.45,overcast clouds
368,Ponta Delgada,PT,37.7333,-25.6667,68.5,82,20,9.22,few clouds
369,Caxito,AO,-8.5785,13.6643,73.72,80,16,2.42,few clouds
370,Moree,AU,-29.4667,149.85,84.22,39,0,12.66,clear sky
371,Richards Bay,ZA,-28.783,32.0377,66.2,94,43,7.11,scattered clouds
372,Otradnoye,RU,59.7775,30.8181,52.03,71,100,7.16,overcast clouds
373,Gualaca,PA,8.5333,-82.3,78.73,94,99,0.96,overcast clouds
374,Plettenberg Bay,ZA,-34.0527,23.3716,59.23,84,38,11.27,scattered clouds
375,Sept-Iles,CA,50.2001,-66.3821,28.92,93,1,3.44,clear sky
376,Abu Dhabi,AE,24.4667,54.3667,87.82,84,20,0.0,few clouds
377,Nsanje,MW,-16.92,35.262,65.77,69,2,2.73,clear sky
378,Alofi,NU,-19.0595,-169.9187,80.49,74,15,13.8,few clouds
379,Camacupa,AO,-12.0167,17.4833,68.81,49,59,2.21,broken clouds
380,Tiarei,PF,-17.5333,-149.3333,82.42,67,24,1.74,few clouds
381,Pisco,PE,-13.7,-76.2167,63.01,82,20,10.36,few clouds
382,Orcopampa,PE,-15.2661,-72.3417,48.22,72,98,4.05,overcast clouds
383,Muisne,EC,0.6,-80.0333,73.76,83,100,7.07,overcast clouds
384,Roald,NO,62.5833,6.1333,64.17,94,100,3.44,light rain
385,Dergachi,RU,51.2328,48.7659,39.27,72,0,6.69,clear sky
386,Guacimo,CR,10.2104,-83.6807,83.01,97,100,2.75,overcast clouds
387,Vila Franca Do Campo,PT,37.7167,-25.4333,68.2,85,4,6.29,clear sky
388,Rio Cuarto,AR,-33.1307,-64.3499,47.84,41,95,8.01,overcast clouds
389,Bereda,ES,43.2686,-7.5406,54.57,100,100,3.33,overcast clouds
390,Tura,IN,25.5198,90.2201,83.12,67,6,0.2,clear sky
391,Linqiong,CN,30.4159,103.4609,68.79,88,100,2.15,overcast clouds
392,Kupang,ID,-10.1667,123.5833,87.4,57,35,13.04,scattered clouds
393,Vila,PT,42.0304,-8.1588,53.92,63,100,3.11,overcast clouds
394,Karratha,AU,-20.7377,116.8463,89.51,16,0,6.08,clear sky
395,Svetlaya,RU,46.5389,138.3297,60.39,43,12,6.53,few clouds
396,Baruun-Urt,MN,46.6806,113.2792,49.15,69,95,13.89,light rain
397,Rio Grande,BR,-32.035,-52.0986,61.95,72,99,15.64,overcast clouds
398,Yarmouth,US,41.7057,-70.2286,63.09,87,90,4.0,overcast clouds
399,Alta,NO,69.9689,23.2717,34.86,80,75,3.44,broken clouds
400,Nabire,ID,-3.3667,135.4833,86.13,72,84,4.65,broken clouds
401,Malanje,AO,-9.5402,16.341,64.76,93,73,2.8,broken clouds
402,Letlhakeng,BW,-24.0944,25.0298,66.47,24,0,6.78,clear sky
403,Shingu,JP,33.7333,135.9833,81.59,69,39,7.36,scattered clouds
404,Gizo,SB,-8.103,156.8419,83.35,74,82,6.51,light rain
405,Jinchang,CN,38.4953,102.1739,41.76,44,34,3.74,scattered clouds
406,Provideniya,RU,64.3833,-173.3,34.72,83,100,8.61,overcast clouds
407,Ciudad Bolivar,VE,8.1222,-63.5497,81.36,77,100,3.74,overcast clouds
408,Isangel,VU,-19.55,169.2667,78.91,69,75,5.75,broken clouds
409,Shieli,KZ,44.1667,66.75,49.6,35,71,2.75,broken clouds
410,San Ramon De La Nueva Oran,AR,-23.1322,-64.326,79.38,67,99,2.84,overcast clouds
411,Harstad,NO,68.799,16.5293,43.7,99,100,15.99,overcast clouds
412,Saldanha,ZA,-33.0117,17.9442,51.85,86,18,7.65,few clouds
413,Prodromos,CY,34.9496,32.8323,50.14,43,0,0.92,clear sky
414,Palairos,GR,38.7833,20.8833,62.76,94,8,2.3,light rain
415,Bonga,ET,7.2833,36.2333,59.43,99,100,2.08,overcast clouds
416,Ascension,US,30.2169,-90.9001,75.2,88,1,0.0,clear sky
417,Ferkessedougou,CI,9.6,-5.2,74.12,92,100,4.0,overcast clouds
418,Novo Oriente,BR,-5.5344,-40.7742,81.77,42,37,4.0,scattered clouds
419,Manggar,ID,-2.8833,108.2667,85.71,66,81,11.14,broken clouds
420,Cayenne,GF,4.9333,-52.3333,83.08,82,0,3.0,clear sky
421,Mezhdurechensk,RU,53.6942,88.0603,39.97,90,100,8.61,overcast clouds
422,Port Lincoln,AU,-34.7333,135.8667,59.99,60,98,15.95,light rain
423,Rodbyhavn,DK,54.6544,11.352,49.14,71,27,8.5,scattered clouds
424,Yaqui,MX,27.3667,-110.1667,85.21,53,2,12.08,clear sky
425,Xining,CN,36.6167,101.7667,43.7,65,86,5.84,overcast clouds
426,Lorengau,PG,-2.0226,147.2712,85.89,62,86,8.95,overcast clouds
427,Novokuznetsk,RU,53.7557,87.1099,41.22,84,100,13.0,overcast clouds
428,Garissa,KE,-0.4536,39.6401,75.06,82,19,11.74,few clouds
429,Zhigalovo,RU,54.8097,105.1578,38.17,76,100,6.6,overcast clouds
430,Ahipara,NZ,-35.1667,173.1667,60.33,64,35,11.61,scattered clouds
431,Flinders,AU,-34.5833,150.8552,83.8,56,84,7.0,broken clouds
432,Fontaine,FR,45.1984,5.6827,55.78,86,18,1.01,few clouds
433,Yelkhovka,RU,53.8667,50.2832,38.16,76,6,5.26,clear sky
434,Georgiyevka,KZ,43.0369,74.7114,41.04,87,100,4.47,mist
435,Akom,CM,2.6678,12.7109,67.3,99,100,1.1,moderate rain
436,Sakakah,SA,29.9697,40.2064,74.77,24,4,9.91,clear sky
437,Eidfjord,NO,60.4675,7.0719,62.49,98,100,2.82,overcast clouds
438,Parati,BR,-23.2178,-44.7131,64.9,95,100,2.35,overcast clouds
439,Breza,BA,44.0183,18.2608,44.82,94,100,4.14,overcast clouds
440,Port Hedland,AU,-20.3167,118.5667,87.85,45,0,11.5,clear sky
441,Deputatskiy,RU,69.3,139.9,18.07,81,43,3.29,scattered clouds
442,Kattivakkam,IN,13.2167,80.3167,86.09,70,100,8.55,overcast clouds
443,Juneau,US,58.3019,-134.4197,44.6,94,90,5.01,moderate rain
444,Najran,SA,17.4924,44.1277,74.05,52,83,2.98,broken clouds
445,Bulawayo,ZW,-20.15,28.5833,66.45,48,0,2.26,clear sky
446,Margate,GB,51.3813,1.3862,55.69,75,8,1.99,clear sky
447,Kota Kinabalu,MY,5.9749,116.0724,87.78,66,20,6.91,few clouds
448,Kodinar,IN,20.7903,70.7031,83.12,78,99,3.24,overcast clouds
449,Vardo,NO,70.3705,31.1107,38.25,65,100,6.06,overcast clouds
450,Erenhot,CN,43.6475,111.9767,48.54,46,100,32.39,overcast clouds
451,Toamasina,MG,-18.1667,49.3833,66.2,94,75,5.75,light rain
452,Clayton,US,33.5335,-84.3666,70.14,95,40,1.01,scattered clouds
453,Byron Bay,AU,-28.65,153.6167,82.71,62,0,12.01,clear sky
454,Kirovskiy,RU,45.0917,133.5136,61.32,38,100,8.7,overcast clouds
455,Kokopo,PG,-4.352,152.2633,75.94,94,77,6.08,moderate rain
456,Saint-Pierre,RE,-21.3393,55.4781,69.48,78,20,13.8,few clouds
457,Kuching,MY,1.55,110.3333,89.82,62,20,6.91,few clouds
458,Gazanjyk,TM,39.2446,55.5154,48.54,39,1,4.99,clear sky
459,Minot,US,48.2325,-101.2963,56.39,74,20,0.0,smoke
460,Dunda,TZ,-8.1167,34.25,64.9,72,31,2.89,scattered clouds
461,Havelock,US,34.8791,-76.9013,73.98,94,90,1.01,overcast clouds
462,Korla,CN,41.7597,86.1469,43.18,35,0,6.4,clear sky
463,Nadym,RU,65.5333,72.5167,33.64,90,68,20.42,broken clouds
464,Koslan,RU,63.4564,48.8989,35.22,87,99,5.99,overcast clouds
465,Omsukchan,RU,62.5333,155.8,23.32,73,55,2.35,broken clouds
466,Khotkovo,RU,56.257,37.9954,28.18,82,4,4.38,clear sky
467,San Quintin,MX,30.4833,-115.95,67.33,78,8,18.19,clear sky
468,Berlevag,NO,70.8578,29.0864,37.06,70,100,8.75,overcast clouds
469,Miracema Do Tocantins,BR,-9.5618,-48.3967,84.43,31,58,4.23,broken clouds
470,Kahului,US,20.8947,-156.47,83.46,77,75,19.57,broken clouds
471,Makakilo City,US,21.3469,-158.0858,84.52,51,20,13.8,few clouds
472,Curuguaty,PY,-24.4694,-55.6945,72.36,91,93,3.58,overcast clouds
473,Garden City,US,42.3256,-83.331,67.95,96,90,4.61,mist
474,Balod,IN,20.73,81.2047,80.64,75,7,1.97,clear sky
475,Dzaoudzi,YT,-12.7887,45.2699,78.69,73,75,11.5,light rain
476,Acari,PE,-15.4311,-74.6158,64.76,87,96,5.17,overcast clouds
477,Natal,BR,-5.795,-35.2094,80.82,78,40,13.8,scattered clouds
478,Abonnema,NG,4.7084,6.7931,76.75,91,100,4.16,overcast clouds
479,Tual,ID,-5.6667,132.75,82.49,79,100,10.85,overcast clouds
480,Barranca,PE,-10.75,-77.7667,61.68,90,80,9.37,broken clouds
481,Hamilton,US,39.1834,-84.5333,68.85,91,20,3.44,few clouds
482,Rundu,NA,-17.9333,19.7667,69.82,48,5,1.68,clear sky
483,Brae,GB,60.3964,-1.353,53.51,99,100,9.22,overcast clouds
484,Mehran,IR,33.1222,46.1646,67.48,12,0,9.37,clear sky
485,Sierpc,PL,52.8568,19.6691,38.82,66,0,6.78,clear sky
486,Haapiti,PF,-17.5667,-149.8667,82.13,68,11,2.68,few clouds
487,Los Llanos De Aridane,ES,28.6585,-17.9182,67.75,68,0,9.22,clear sky
488,Bafoulabe,ML,13.8065,-10.8321,79.27,72,87,2.01,overcast clouds
489,Buraydah,SA,26.326,43.975,75.65,22,0,5.35,clear sky
490,Khanpur,PK,28.6453,70.6567,87.96,36,0,14.67,clear sky
491,Nome,US,64.5011,-165.4064,42.87,71,90,18.41,overcast clouds
492,Yulara,AU,-25.2406,130.9889,91.24,16,74,10.36,broken clouds
493,Vestmannaeyjar,IS,63.4427,-20.2734,48.54,86,29,15.52,scattered clouds
494,Sorland,NO,67.667,12.6934,51.82,85,100,19.06,overcast clouds
495,Amvrosiyivka,UA,47.7935,38.4777,39.07,38,45,15.14,scattered clouds
496,Antofagasta,CL,-23.65,-70.4,56.48,71,4,9.06,clear sky
497,Sergeyevka,KZ,53.88,67.4158,36.75,63,5,7.54,clear sky
498,Belomorsk,RU,64.5232,34.7668,43.39,98,100,4.32,overcast clouds
499,Codrington,AU,-38.2667,141.9667,61.25,76,86,17.22,overcast clouds
500,Ketchikan,US,55.3422,-131.6461,46.87,93,90,14.97,moderate rain
501,Osmena,PH,10.5208,119.9258,82.72,78,100,5.97,overcast clouds
502,Daru,PG,-9.0763,143.2092,81.41,84,87,15.95,overcast clouds
503,Naryan-Mar,RU,67.6713,53.087,34.09,70,98,13.15,overcast clouds
504,Puerto Ayacucho,VE,5.6639,-67.6236,75.7,91,98,3.42,light rain
505,Benemerito De Las Americas,MX,16.5167,-90.6439,71.71,99,100,0.34,overcast clouds
506,Dunedin,NZ,-45.8742,170.5036,52.75,83,100,6.85,overcast clouds
507,Nortelandia,BR,-14.4547,-56.8028,75.43,87,82,0.45,broken clouds
508,Mogadishu,SO,2.0371,45.3438,77.79,88,71,13.85,broken clouds
509,Poronaysk,RU,49.2167,143.1167,54.86,39,32,11.48,scattered clouds
510,Troyes,FR,48.3333,4.0833,50.34,93,0,0.0,clear sky
511,Pilar Do Sul,BR,-23.8131,-47.7164,57.94,95,98,9.06,overcast clouds
512,Ulladulla,AU,-35.35,150.4667,79.7,37,90,1.23,overcast clouds
513,Paka,MY,4.6374,103.4368,84.13,84,40,4.61,scattered clouds
514,Bac Lieu,VN,9.285,105.7244,84.0,76,100,17.6,overcast clouds
515,Comodoro Rivadavia,AR,-45.8667,-67.5,62.46,39,0,4.61,clear sky
516,Nantucket,US,41.2835,-70.0995,63.09,84,90,8.05,overcast clouds
517,Sokolo,ML,14.7328,-6.1219,85.59,33,22,7.72,few clouds
518,Sungaipenuh,ID,-2.0833,101.3833,76.12,72,86,2.28,overcast clouds
519,Riyadh,SA,24.6877,46.7219,73.54,21,0,4.88,clear sky
520,Mwinilunga,ZM,-11.7358,24.4293,64.27,38,0,2.59,clear sky
521,Payo,ID,-3.7508,103.6372,89.29,56,15,2.01,few clouds
522,Somvarpet,IN,12.6,75.8667,69.64,89,77,5.35,broken clouds
523,Verkhoyansk,RU,67.5447,133.385,28.18,48,100,6.69,overcast clouds
524,Sola,VU,-13.8833,167.55,79.61,80,83,19.51,broken clouds
525,Guane,CU,22.2025,-84.0875,77.76,88,100,4.54,overcast clouds
526,Quime,BO,-16.9833,-67.2167,51.57,89,94,3.74,overcast clouds
527,Portland,US,45.5234,-122.6762,55.99,77,20,1.99,few clouds
528,Viedma,AR,-40.8135,-62.9967,55.71,52,0,17.16,clear sky
529,Presidencia Roque Saenz Pena,AR,-26.7852,-60.4388,67.89,76,92,10.4,overcast clouds
530,Pochutla,MX,15.7432,-96.4661,80.82,82,100,3.69,overcast clouds
531,Varhaug,NO,58.6147,5.6457,56.89,92,97,13.06,overcast clouds
532,Ambon,ID,-3.6954,128.1814,82.54,83,40,6.91,scattered clouds
533,Cairns,AU,-16.9167,145.7667,90.95,52,40,10.36,scattered clouds
534,Koumac,NC,-20.5667,164.2833,75.33,62,22,10.89,few clouds
535,Puntarenas,CR,9.9763,-84.8384,80.53,87,99,4.68,overcast clouds
536,Coahuayana,MX,18.7333,-103.6833,85.48,90,99,2.44,overcast clouds
537,Malaya Serdoba,RU,52.4661,44.9512,37.98,77,4,4.61,clear sky
538,Flin Flon,CA,54.7682,-101.865,42.84,49,3,5.91,clear sky
539,Beoumi,CI,7.6736,-5.5764,76.78,97,100,3.51,overcast clouds
540,Kantang,TH,7.4054,99.5156,84.29,89,20,10.36,few clouds
541,Kirakira,SB,-10.4544,161.9205,82.69,75,100,6.91,overcast clouds
542,Encheng,CN,22.1839,112.3026,76.87,97,100,23.8,moderate rain
543,Vestmanna,FO,62.1564,-7.1664,49.12,100,90,3.44,mist
544,Saint-Joseph,RE,-21.3667,55.6167,68.38,79,54,14.88,light rain
545,Belmonte,BR,-15.8631,-38.8828,75.7,92,92,9.44,overcast clouds
546,Salo,IT,45.6086,10.531,60.1,79,100,1.88,overcast clouds
547,Yukamenskoye,RU,57.8865,52.2416,35.08,95,85,5.77,overcast clouds
548,Kimbe,PG,-5.5502,150.1429,83.32,78,100,3.29,light rain
549,Auki,SB,-8.7676,160.7034,84.94,68,61,2.57,moderate rain
550,Uvinza,TZ,-5.1036,30.3911,70.23,55,41,2.91,scattered clouds
551,Windhoek,NA,-22.5594,17.0832,59.2,20,0,4.61,clear sky
552,Kafanchan,NG,9.5833,8.3,69.03,76,100,2.86,overcast clouds
553,Athol,US,42.5959,-72.2268,58.75,85,73,8.9,broken clouds
554,Lexington,US,37.9887,-84.4777,65.14,83,1,4.61,clear sky
555,Shirokiy,RU,49.758,129.523,57.16,48,100,9.6,overcast clouds
556,Waddan,LY,29.1614,16.139,71.28,38,0,3.65,clear sky
557,Borovskoy,KZ,53.8,64.15,36.21,62,2,7.67,clear sky
558,Casper,US,42.8666,-106.3131,58.5,78,90,4.0,light rain
559,Naantali,FI,60.4674,22.0243,54.01,94,90,4.61,overcast clouds
560,Katima Mulilo,NA,-17.5,24.2667,71.73,42,5,4.47,clear sky
561,Mutis,CO,6.2262,-77.4044,77.27,90,100,1.9,moderate rain
562,Linares,CL,-35.85,-71.6,47.84,87,50,3.74,scattered clouds
563,Gwanda,ZW,-20.9333,29.0,68.63,58,0,5.53,clear sky
564,Ginir,ET,7.1333,40.7,60.15,85,84,4.05,broken clouds
565,Novyye Burasy,RU,52.1324,46.0714,44.94,77,5,6.06,clear sky
566,Kilosa,TZ,-6.8333,36.9833,67.82,90,30,4.09,scattered clouds
567,Whitehorse,CA,60.7161,-135.0538,38.17,86,90,15.99,light rain
568,Lata,PT,40.1629,-8.3327,61.81,88,85,1.97,overcast clouds
569,Raudeberg,NO,61.9875,5.1352,59.2,92,100,11.01,overcast clouds
570,Tadine,NC,-21.55,167.8833,74.23,58,42,13.85,scattered clouds
571,Bajil,YE,15.0584,43.2851,83.84,65,99,3.2,overcast clouds
572,Divnomorskoye,RU,44.5011,38.1353,47.75,80,96,9.71,overcast clouds
573,Waharoa,NZ,-37.7667,175.7667,68.32,70,74,16.4,broken clouds
574,Upata,VE,8.0086,-62.3989,75.2,95,100,2.98,overcast clouds
575,Victor Harbor,AU,-35.5667,138.6167,69.19,72,86,5.01,light rain
576,Usinsk,RU,65.9939,57.5281,32.43,79,96,21.39,overcast clouds
577,Oktyabrskiy,RU,54.4815,53.471,35.64,77,6,2.82,clear sky
